batch,dot,zdot,div
0,2.924657662,2.795311499,1.922813949
1,2.904889028,1.021577544,1.020866999
2,1.260925975,1.230349458,2.137346886
3,2.362864509,1.10455506,2.372051894
4,3.746200758,2.669593048,1.986892379
5,2.947490878,0.1679819695,1.685635314
6,1.473707221,2.817251273,3.398721153
7,0.8371839819,0.9846649599,3.072656908
8,1.824684109,-0.08671199171,3.161138804
9,3.85994468,0.135384738,1.871727889
10,0.5825389908,2.155143141,0.02934322229
11,1.18728146,0.679916366,1.933223447
12,1.015567343,1.150924964,1.098913879
13,2.452782672,1.232420365,1.673235633
14,1.957304174,2.091307687,1.381886653
15,2.355118981,1.637291179,0.6546821896
16,3.015896738,2.218081759,0.4793096507
17,1.013651635,0.08491128374,1.771217387
18,3.638829231,2.049534339,0.4370531277
19,0.3978566151,3.685902104,2.828513055
20,1.837720418,2.105813025,2.28944354
21,1.912716321,1.022884853,2.004850536
22,3.053908108,2.364734738,2.839865921
23,3.756489734,0.2287923452,2.351033393
24,0.7699922996,2.479314062,2.081158028
25,3.392386728,-0.5839534961,0.1827264663
26,3.921407111,1.275951999,1.921548486
27,2.544435924,2.822943335,1.157372139
28,3.032350338,1.688729075,1.066143124
29,-0.006658668531,0.4930000584,3.172054084
30,2.113451188,0.6568578609,0.4665297216
31,2.909625422,2.890832582,1.741472231
32,0.6180053697,0.9925328608,0.3966656096
33,4.148722379,3.678341395,2.149867437
34,3.953640014,2.064026125,1.796402607
35,2.430460876,2.672953086,1.773854101
36,1.515703829,2.355435312,2.312519411
37,-0.2791907227,1.920652014,1.760634871
38,1.470780767,3.036868535,2.676648338
39,3.027136838,2.502641819,2.30550441
40,2.899773226,0.7254639119,1.933132795
41,3.213402014,1.588197652,1.440810168
42,-0.4435796688,4.305850607,1.877808978
43,3.945647001,0.9474801444,1.984930412
44,2.035756656,0.5507738104,2.505147056
45,1.495688653,2.552007259,2.809741345
46,3.698259927,2.169872282,2.867806672
47,1.084256533,4.534098454,1.846144831
48,2.348563938,0.5821883492,2.56504371
49,2.915917112,1.888901423,1.763811207
50,3.02465749,1.589897755,1.028244491
51,1.084022486,3.299260839,1.57679382
52,2.02437045,3.867985706,1.989602006
53,1.942461082,0.4141348536,5.004234085
54,2.94223312,-0.5966754729,0.2928648931
55,2.075244101,2.643077948,1.293288368
56,1.166176604,2.275514468,1.613024456
57,2.477916063,1.501591625,3.67716201
58,0.3503687771,0.735125205,2.551107882
59,0.8274613554,3.597003925,1.591608911
60,1.757711095,0.304249718,3.601721777
61,1.350038608,1.168604011,1.603561996
62,3.059389982,2.945270985,0.6638361533
63,2.536401252,1.303229885,2.15661514
64,3.067614385,2.518703232,0.949337183
65,1.903010607,1.987130529,2.321403044
66,0.2446819889,1.562126777,3.346165514
67,1.944411053,2.549612592,3.121583908
68,1.433102771,1.424729321,1.176757823
69,-0.5867891015,1.52575387,1.533887098
70,2.345759893,1.5860952,2.754294366
71,1.862414662,4.743235626,1.012867972
72,3.41109664,0.5313468925,1.224414616
73,1.68134224,0.2831608924,2.585329366
74,2.47631094,1.142902987,2.489986721
75,-0.1865639909,2.122840019,3.898914239
76,2.042613962,3.056258959,4.715217472
77,1.425312191,3.529389405,1.516595227
78,3.183628755,0.02056372068,2.655330974
79,0.3143722337,1.625531314,0.4266875134
80,1.684196909,3.314077148,1.83797539
81,1.734489404,2.805203266,0.9550306772
82,2.267008325,2.690532603,2.735378217
83,1.839974062,2.780941454,1.336999894
84,1.902997372,2.047087278,3.259933271
85,2.024415314,0.852484055,2.334094007
86,0.01182810605,2.98807374,1.544616523
87,4.175031219,1.658907742,2.356638385
88,3.610120864,0.2086822287,0.7015318714
89,1.935355276,2.429201075,1.379768465
90,2.129771649,2.120385032,3.010725915
91,2.958823636,3.260871026,0.871481042
92,1.750922011,2.988996837,0.3212835951
93,2.132667997,3.086859637,1.911116325
94,1.725237304,1.962978173,2.099016181
95,2.265106986,0.7565781382,1.476321924
96,3.743983321,2.304900358,2.637294698
97,2.031619844,1.47402653,0.2691044502
98,-0.04874539683,1.860095204,0.5144213493
99,3.582805679,0.1148475957,1.787674444
100,1.041000176,1.254162571,2.560620136
101,1.471608501,-0.02621425871,1.69355094
102,2.789200614,3.014224189,2.143080327
103,3.097843766,2.381446864,2.407137269
104,1.284556516,2.806942714,2.416932928
105,2.361099856,-0.0999199842,2.463356531
106,1.316142907,1.570583542,1.395820874
107,-0.6912892781,-1.076538372,1.793689975
108,0.3936217344,2.708869199,2.016772913
109,1.753204432,1.291310385,2.847576433
110,1.695374912,-0.4564649517,1.498683344
111,2.67668643,-1.321909513,1.936182022
112,1.737131844,3.375136461,0.7616624114
113,2.52453154,3.550905292,1.380442261
114,1.558482694,1.932647233,2.239487037
115,0.5948766869,1.078143931,2.583813223
116,2.904904504,1.60140247,1.766366293
117,1.617287786,1.255907274,1.058333665
118,2.503696554,1.645718249,2.789879003
119,0.7149580067,4.04721604,0.4685637827
120,2.052221099,1.625010783,-0.2248078201
121,2.819641287,1.508019889,1.96895294
122,2.710099944,-0.1772637439,2.328962653
123,2.674665172,0.6430245288,3.085925094
124,1.447438489,1.606946769,2.027140749
125,-2.435879627,2.321677901,3.696782514
126,0.3554710878,1.136683914,2.269663818
127,1.403982843,2.909731121,0.4093200361
128,1.061685201,1.930086971,2.520204576
129,-0.383835352,2.78456007,0.8088954439
130,1.342809867,2.269964506,1.606839623
131,2.083449748,1.224290807,0.8062749377
132,1.501058526,4.190976725,2.405227151
133,1.111261083,1.115015481,2.366507812
134,2.941564304,5.316994211,2.073873967
135,2.148028798,0.2595438153,1.978908039
136,-0.5040880695,3.650460375,1.813290601
137,0.8871040794,1.117863594,0.9696201496
138,-0.06484685028,3.179617702,1.643331323
139,2.243837996,2.92161048,3.258969987
140,2.089457897,0.6002705706,-0.02573750023
141,0.5794477456,0.8506077096,1.925314644
142,2.830089121,1.90501788,1.121148945
143,0.6088778897,1.28761459,1.511212867
144,1.972737945,2.674852544,1.536660413
145,2.474405015,3.811648167,2.234169053
146,0.3091851898,1.813979119,0.765747095
147,1.170121378,1.93642638,2.513438573
148,1.680014867,1.405315096,1.386282686
149,1.95230464,2.779249856,2.0405019
150,3.277563283,0.6998452353,1.906983692
151,3.051100657,1.643238319,2.067205035
152,1.256431509,4.151380393,1.288153216
153,1.958602828,3.138943698,3.27536688
154,1.981568341,0.9522101823,1.609774546
155,2.038131101,-0.3737492326,2.230928712
156,1.832895606,2.938524625,3.486647182
157,3.043456395,0.8518268997,1.85319121
158,2.788676528,1.551679359,2.658226608
159,1.123131392,1.949939011,2.295721575
160,1.137812996,2.713170681,3.449330515
161,2.620876416,1.504555659,1.840756759
162,2.742694912,1.481564632,3.158113965
163,2.268449965,1.192172843,2.48288958
164,1.904612633,3.449381848,1.971105399
165,5.17273327,1.557494232,1.965510273
166,2.159802058,2.330020411,1.763238443
167,0.6299438233,1.815552828,1.207282022
168,3.604097415,2.101318798,2.8411723
169,1.3164768,4.703892743,0.8896301816
170,1.193953276,2.02665671,1.251628354
171,1.531151988,2.385869791,1.421171048
172,2.434498735,1.324582796,2.376955699
173,2.765683108,-0.2155036451,1.058925444
174,0.9291002119,0.2977797289,1.586580478
175,0.4277769772,3.465197959,2.553978152
176,2.895596536,1.313768382,2.091178786
177,0.4334737159,2.164506417,0.7810478912
178,2.672371111,1.22270332,1.1370793
179,0.5233969119,3.355501184,1.546739966
180,2.739446461,2.761780722,4.49310799
181,1.219897363,0.8552898849,2.981467568
182,2.603433888,3.241268629,2.117684571
183,2.389406549,1.852341146,1.465336611
184,1.589499496,0.9838397857,1.238129394
185,2.082963182,2.461872204,1.101617564
186,2.24906538,1.126441413,1.793714267
187,2.673507276,1.66091007,3.156292588
188,-0.2965506619,2.665662139,0.1578736981
189,1.768134479,4.040663379,2.984378267
190,1.436332361,1.517274537,2.55930712
191,-0.09459470278,1.539391919,0.1391583099
192,1.199289366,1.89086272,1.27075915
193,3.218507477,4.313769197,1.414964683
194,1.089270686,0.6080604178,2.186352727
195,2.790008978,1.863660871,1.617887836
196,3.549935984,1.88549234,-0.3911399711
197,0.4941047905,1.129498688,1.437293773
198,3.581603067,-0.3309628417,2.141314705
199,2.673164081,0.7580260332,2.569213179
200,0.5210711493,-0.1457290583,3.018420293
201,3.598726229,1.803938897,0.2985777183
202,-0.3953769956,2.648656094,3.154392131
203,1.772810271,-1.725906439,3.640600865
204,1.153586726,1.722097864,1.062939109
205,1.483567721,0.9715136115,1.95308504
206,0.5703500282,0.7982262487,1.645235998
207,0.7949001442,2.1700563,2.892642092
208,3.726066629,1.631403792,1.717037794
209,1.970568052,1.595955729,3.236097209
210,2.433122246,2.571895253,2.607982194
211,2.82369093,1.290918854,1.008178191
212,2.929445614,1.504480532,1.347378567
213,2.10056583,1.346375504,1.38118368
214,0.515472758,1.452119398,1.319901134
215,1.267871461,0.1318782759,2.647959312
216,1.939613576,0.5385034349,3.416189106
217,1.693468277,0.1793417703,1.029449134
218,1.289261067,0.4041121561,2.22435878
219,2.059262962,2.429612555,1.453984546
220,2.988748941,2.828639048,2.193898078
221,2.903319625,2.475050653,1.446241763
222,2.194987816,2.847266317,1.620353431
223,1.697862927,3.536833628,1.798802581
224,2.358170273,2.984914868,0.8591374839
225,4.275408811,1.233353899,3.448334583
226,0.7706838807,1.211387464,3.925386262
227,3.294757306,0.7419542092,3.4222647
228,2.79328435,0.8196582062,1.552412092
229,3.929521288,2.297879008,1.99310186
230,1.619338632,2.868009792,2.368632839
231,1.977406671,3.590364366,2.479584184
232,2.300593616,1.901421097,1.134511524
233,3.159782353,1.292767023,2.728690404
234,-0.1995168743,2.860541969,2.059947235
235,0.9740949363,1.905279296,1.361275223
236,0.597421836,1.647459916,1.481374218
237,1.501354195,3.597253819,0.9796466472
238,3.161262249,0.8094382859,0.6525764943
239,1.875215945,3.004681304,2.243325967
240,0.7056636027,2.655605547,1.177652933
241,2.752474866,0.3608867717,1.773014695
242,2.402137624,3.11163225,1.907634099
243,0.6597690641,1.455889192,1.929357257
244,1.52171594,2.470616785,2.241744303
245,3.372346733,2.479031946,1.768291184
246,1.261380987,2.278218814,1.853147897
247,3.004119132,-0.93771587,2.748615951
248,1.193524901,1.291121621,1.766678803
249,3.07146835,1.644960161,0.6394499627
250,-0.5335382436,0.990699202,1.893236508
251,0.7536714203,1.474537206,2.067661849
252,4.284206468,3.730418643,1.525032731
253,3.529540825,3.393970092,2.354905307
254,1.326046441,1.150811789,0.5562699869
255,0.890943011,0.1540030276,3.116372926
256,0.8241638079,1.760298999,0.8331333204
257,4.970166693,1.401376101,2.921614118
258,3.825527652,1.458256446,2.171834045
259,3.478768941,1.194562041,1.776421967
260,0.2867650086,1.237687051,2.697991906
261,1.985049541,0.5964878262,1.247026597
262,0.9083579323,2.445588543,2.20818999
263,1.268623791,0.6769605915,1.377042233
264,1.508574333,2.419033637,3.445408738
265,2.631033807,2.440987493,1.667803649
266,2.543581895,2.311081258,1.457387513
267,0.7596711427,-0.1500096277,2.172084674
268,0.484945286,2.939980355,2.254549952
269,3.746396928,3.401858207,1.460092825
270,0.4490275365,1.333098606,3.417794913
271,1.247663843,0.1302651405,0.5052733954
272,2.250340569,2.084519577,1.587657615
273,1.153090443,-0.2263510915,3.0809186
274,0.5901798453,2.064695127,2.864991822
275,3.058468019,0.01914000559,1.964762953
276,1.80631842,1.272972863,2.604937649
277,1.211650578,0.8410351703,2.700219338
278,2.87505318,4.449241952,2.798309513
279,1.044233077,1.534928947,1.841332306
280,1.36280791,0.3783319403,3.135439301
281,2.3801362,0.4223988785,2.752862015
282,1.338643129,0.6779823351,4.09307065
283,2.052454376,2.461702734,0.478144819
284,4.153209698,2.218914518,1.763502568
285,1.79216376,1.446455885,2.378830301
286,1.040620995,2.658344683,3.178725418
287,3.145087467,2.889290618,1.458835922
288,3.580113926,3.85210009,1.584193859
289,3.62925664,1.991566345,-0.2145527303
290,0.4799260151,1.274968618,4.075823775
291,1.642539933,2.315608246,1.822120198
292,2.630660465,1.11679199,1.820849499
293,1.001304072,1.993998499,1.579709267
294,-0.6596238184,2.90646059,2.313996963
295,-0.2854046163,3.160231757,0.7384587997
296,2.597570042,0.2331634961,0.6042227049
297,2.233487375,2.991627551,0.7285585906
298,4.321170176,0.1330650907,1.896990634
299,2.616803794,3.073116056,1.02248446
300,3.159460686,3.422955952,3.186917949
301,2.204669055,1.649910273,0.7988170591
302,3.200711002,2.058629725,1.199761837
303,1.639416613,1.794896206,2.542780444
304,1.524817768,3.130589092,3.284181712
305,0.1122451037,-0.4804015479,3.683287753
306,4.105542063,0.8116660747,1.883841395
307,0.5961364401,-0.917813358,0.5965586156
308,1.573414825,2.138988641,0.7838583364
309,3.082815593,0.9559149117,0.9079334857
310,-0.1815782563,3.619173085,2.681242434
311,2.061263354,4.291903872,3.673905473
312,1.219427294,2.350417683,0.696925316
313,3.066845645,0.9143856071,2.08353377
314,1.520840588,1.469084036,1.060060875
315,2.673604637,1.276393316,2.530371617
316,1.603694683,0.5305121268,2.390202795
317,2.590883503,0.4703197065,2.753908262
318,0.2668277293,1.601949822,1.538887882
319,2.747017539,1.169746039,2.957162244
320,0.1201605673,3.554876521,1.044757969
321,1.848003157,1.488073213,2.231256645
322,0.7679810889,3.163552078,1.510734452
323,1.460833474,3.108057401,1.484688284
324,3.973256283,2.430658638,0.9653370984
325,2.277197639,0.5239950813,1.612002405
326,0.006038456503,0.1746837751,3.667121947
327,1.332510043,2.487350634,2.137153885
328,1.081797314,0.1097484252,3.332477678
329,1.366041714,2.844477954,1.402650947
330,-0.042609119,2.303911794,1.748956761
331,2.665941336,0.9481050378,0.2457246945
332,3.87135159,2.101004926,1.162543122
333,3.156675711,3.350970672,1.303281856
334,0.09745458622,-0.2762156445,1.25046587
335,1.36980617,-0.4189903969,0.5665835763
336,1.268365527,0.2755539038,2.28239028
337,0.9661986667,1.959649049,1.339455695
338,2.550217193,1.66925725,1.196281378
339,1.364562557,-0.04709337429,2.455191111
340,2.717715836,0.5527838483,2.926068056
341,-0.1459805065,1.62690481,2.047222341
342,3.706532412,2.77519213,2.959005147
343,0.615173541,1.087428712,0.5520048758
344,2.401693848,-0.3554895803,2.140461878
345,1.591277096,-0.8416138896,2.821762609
346,0.6332557268,1.777382423,1.320420768
347,-0.3212515462,0.3678327935,2.096392122
348,-0.886523023,1.342705494,1.926689278
349,-0.1978786159,2.615857153,3.269704352
350,0.8344547249,2.007767183,2.950562351
351,3.293790644,1.579431331,2.824850376
352,2.553095168,-0.1234834789,2.671845674
353,3.417262701,0.5201006462,2.530408633
354,1.858650203,0.4006830697,1.293610969
355,0.3670564361,2.333859595,2.309341926
356,2.028163417,2.010534227,2.930264802
357,0.5503994408,1.998836566,0.3623399696
358,1.604765479,2.487898977,2.437988379
359,1.775016985,2.580861779,1.834131422
360,4.002698057,0.6550607366,2.402582064
361,3.019369722,2.634748082,3.110507384
362,2.860435688,1.982525486,1.106336185
363,1.113038625,2.712308829,1.203805905
364,1.431087698,2.798197206,1.669217154
365,1.900616031,-0.4575552622,1.856491986
366,0.7156032603,1.976731606,1.445172138
367,2.419374136,1.69269498,1.777893509
368,1.884273444,1.931952547,1.609949453
369,2.101027537,2.553447835,2.17318778
370,3.11813934,1.490605585,3.446080677
371,3.754113556,-0.6703127883,0.9518725187
372,-0.8078698134,3.968204237,2.757128546
373,2.874826036,1.450505989,0.9518969688
374,0.9198649156,3.157018174,1.164294878
375,1.43576532,0.7811535504,0.3594418929
376,2.02442884,2.555598398,2.490094247
377,3.296133242,1.282060132,3.307904762
378,1.197445572,2.398983684,0.7925253299
379,0.6326131552,1.918941068,1.710583484
380,-0.3264514047,2.255377004,-0.04820923974
381,1.205029383,1.083414821,0.8703049585
382,1.193934485,2.937832944,2.0428566
383,4.294284791,2.123524354,1.557588922
384,0.1490440978,2.084437976,1.570402562
385,1.832176948,0.9816032376,2.565065082
386,1.906965379,0.4433246806,2.292090706
387,2.574115804,1.174412357,0.4851699905
388,3.683225521,1.769872982,1.929916728
389,2.285869139,2.503369678,1.069031351
390,3.336231547,2.223711215,2.158816995
391,3.545300899,2.337203047,0.9422746696
392,1.501621392,1.9723871,0.7862687091
393,1.747099879,0.5745209844,1.394146973
394,0.9331143111,2.128450432,1.342991333
395,1.826270333,0.7391760559,1.302339198
396,0.6717668182,1.905361904,1.880513947
397,-0.01707645015,2.650706668,2.515075359
398,2.473158726,2.092797801,2.629416602
399,2.601631312,4.306526641,2.907313198
400,2.322991025,2.945355923,0.4738399003
401,2.696237596,1.777006825,1.699744889
402,-1.118664107,1.653189958,0.3939311103
403,1.450742213,1.637302136,1.043339955
404,-0.1320894968,2.011205488,1.690323405
405,2.63774061,1.254050572,2.257337902
406,2.019709684,0.7263006106,0.6178167633
407,2.675708331,3.689093349,4.10580274
408,1.271719882,-1.55410224,1.127710624
409,2.877564742,1.81644137,1.057501903
410,2.257759054,1.360992832,1.614874724
411,0.7912050519,2.647710598,1.851173277
412,0.117348354,0.8924180556,2.031175143
413,0.3319120363,3.464463514,1.016535897
414,2.707015631,0.8419606356,2.897147106
415,2.394441764,1.536861963,0.6539282871
416,1.552637389,-0.08883070674,1.984594047
417,1.57904129,3.202028331,3.285444715
418,3.250688414,2.123708563,2.269218889
419,1.690686273,3.555058956,0.6454779236
420,2.337529022,2.248199425,3.43056156
421,0.9145988942,1.252936958,3.48169475
422,3.959147319,2.86161449,2.339764854
423,0.9454212715,2.015076227,2.563034315
424,0.8908443213,0.04056427237,4.264046299
425,0.9163766321,2.8284192,3.015975639
426,3.771122109,0.8815626626,1.937302456
427,0.8510392104,1.370098993,2.234534748
428,-0.1987549776,2.551733383,1.22124598
429,2.605735958,0.1618610961,2.412312552
430,1.988054481,3.926141227,3.310587186
431,3.21619207,1.881134732,0.8790243261
432,3.458256445,3.263607425,0.8318010101
433,2.877193829,1.177304872,0.06976922857
434,0.4634591396,3.006877785,3.494470122
435,1.525218723,3.397601162,3.018051305
436,2.491177341,1.218824052,1.779233365
437,-0.05608651409,2.586969328,1.330910396
438,-0.4265458684,0.977902495,2.267401097
439,2.04927225,0.8718743793,2.375751591
440,4.220634742,1.766527438,1.407383485
441,2.444002272,1.023272957,2.388816974
442,3.489453075,2.575476938,3.241730841
443,2.51573813,2.215558101,0.1445049623
444,3.484234717,1.723923037,3.656033413
445,2.249695271,2.533756069,2.169972838
446,0.1609562889,1.676573986,1.680216249
447,0.08928675646,1.514209993,1.660281264
448,3.323494113,2.342313458,2.37990483
449,1.531283295,2.923996956,3.036303765
450,2.446492115,0.6987797407,3.778196399
451,2.895721646,0.04905770856,3.034658483
452,0.5849443641,3.905178296,2.067378934
453,2.53871008,2.443363072,1.416082467
454,0.6301392244,3.452105131,2.194441908
455,2.398213719,2.970062617,2.550388714
456,1.245523134,0.6350962276,2.504946567
457,3.448361469,1.297775521,2.156268928
458,2.814338833,3.971568386,1.92091871
459,1.987899583,0.9535389688,3.152289778
460,3.172956362,1.748110403,1.285319891
461,2.570581347,1.795455026,1.626840136
462,2.262577427,0.5525863319,2.461734938
463,2.104408011,3.736607335,0.8314851126
464,2.796011764,3.270283026,1.143517754
465,0.6650491646,3.340295467,2.578922123
466,1.6813715,0.9591307011,2.061600271
467,2.847467144,0.5307966415,3.508028802
468,3.665643177,2.543729177,1.504344821
469,1.22056559,0.9034334551,-0.06583249531
470,3.361902908,3.545901201,1.367746768
471,0.57419405,0.364622147,3.157461304
472,2.352302197,2.065480315,2.411143
473,3.319424278,0.3963879691,2.922537315
474,3.177034163,3.211397227,1.147157644
475,2.948496123,2.755833526,2.10700274
476,3.065734412,1.613031893,1.39675897
477,3.529233245,0.6486656425,2.502823665
478,0.0727635983,0.8786128182,1.93978785
479,0.5245294231,1.09691107,1.484933307
480,-0.9153702721,0.1858758144,2.95270556
481,1.098322005,0.4608607279,2.595387148
482,1.661472907,0.6973103266,1.852663513
483,2.432919687,1.277700162,-0.03222192848
484,2.006742656,1.828771446,2.706681186
485,4.608407991,1.760838793,0.873273209
486,0.4223102744,1.178492509,1.417660661
487,2.040330634,0.2474129675,1.478562384
488,0.6167249348,2.448528431,1.202277397
489,1.359093573,3.507007472,1.236073473
490,2.589783461,3.202180647,0.8846150846
491,2.326571481,2.686821491,2.072921132
492,0.4187385892,2.82700988,1.643002143
493,2.374717048,2.554996738,1.931798221
494,1.360005575,0.6739761516,1.064342268
495,2.529230987,0.3481698329,1.733431645
496,1.532282285,3.440598723,1.817933455
497,1.701664974,1.748987365,0.7758958675
498,0.6240564632,1.138092924,2.76311877
499,1.293994993,2.874956747,1.228491435
500,2.856948072,1.818767836,1.240937757
501,1.443276091,0.7299564028,2.307392184
502,1.030692001,1.266909888,2.971719709
503,1.953954655,1.951273082,1.902010316
504,0.4580181536,0.5720669906,2.22373358
505,1.937208941,0.6235310179,0.85099318
506,1.633167887,2.922529733,1.631031107
507,-0.09436458702,0.009638231584,2.235687594
508,2.839009522,2.510020629,2.8199447
509,2.663378837,2.098973883,2.375299196
510,3.501919523,1.939334399,1.712740619
511,-0.7611402333,2.858692014,2.814230186
512,2.098698521,-0.03034845013,1.578553795
513,2.246654469,1.398919483,1.167623428
514,3.024928145,1.996967635,2.060994192
515,3.546361824,1.745433868,3.638208375
516,0.9757415031,2.339905607,0.3463510172
517,5.074505043,-0.3997308521,2.308410214
518,2.351093254,1.963527391,1.623683132
519,0.6075518482,2.360255111,2.673119996
520,2.317196664,-0.03077534596,1.400965654
521,1.260743437,2.002074776,3.588932692
522,2.47167178,0.7797476038,1.978760284
523,4.004472382,2.414591979,0.7398249458
524,2.541064575,3.498086612,0.5308920582
525,3.251004657,0.7698387356,1.605131209
526,2.306587519,2.313403313,1.954862722
527,1.367010774,3.890887527,1.918488894
528,2.660154689,2.385753843,1.462786891
529,1.025652669,3.038477978,1.911711146
530,1.829044231,0.09183054697,3.342383022
531,2.45971131,4.833707861,0.8398610752
532,4.265308345,2.432430267,2.895624899
533,2.247924611,2.336259497,2.620364604
534,2.715272426,1.258586723,0.9009091918
535,3.364240174,2.256376702,2.021630292
536,2.68374029,1.218492466,1.570424797
537,0.1704583454,4.014072909,2.130025146
538,1.713027645,5.05342228,1.472553405
539,0.5113206074,2.031301134,1.850639201
540,3.0589084,2.36683518,1.353076002
541,2.448062989,2.518602898,1.77588459
542,0.8021564874,1.541502808,2.182591604
543,1.868738962,5.144421799,1.896570745
544,1.729237636,1.683508604,2.250604505
545,0.590888147,1.128439918,1.877290293
546,0.4004123917,1.395105541,0.9174018486
547,1.710233834,2.827059767,2.748645364
548,1.811411367,1.223719568,1.573992371
549,3.02086322,3.906129467,0.7833973582
550,2.982020983,0.4811827582,3.157173492
551,3.272733347,1.403759342,1.786346476
552,2.950187806,0.07998226534,2.298165715
553,2.604657068,2.188486562,2.792371229
554,0.7112776478,-0.1280434941,2.156134712
555,2.586665804,2.30410634,1.072947073
556,0.840150107,1.834711665,1.684798517
557,1.945412412,-0.6493439635,1.171470928
558,0.1832072796,2.638134319,2.704247901
559,2.675705769,1.925103624,1.335090122
560,0.1769948105,2.831002744,3.079045429
561,3.536249827,2.20183545,1.426756128
562,1.799292888,-2.232582387,2.090108005
563,1.85532684,0.6466652501,3.995197119
564,1.588164569,3.48787938,2.679540052
565,1.260421711,1.383371335,3.275118164
566,3.302825036,2.066610911,2.263420781
567,1.21997269,-0.8665765359,1.059754654
568,2.72943773,0.7096490384,3.518887761
569,2.116872477,0.567927957,2.575870112
570,1.197573222,1.376229022,1.979600299
571,0.9826784071,3.053053129,2.706194301
572,2.020874744,1.06364816,1.04724941
573,2.583423962,0.8672767889,0.750790786
574,3.063762604,0.454737503,2.138168812
575,2.606103561,1.928425626,1.700703741
576,1.293626482,2.51673451,2.452358438
577,2.198881908,0.9994286592,2.356340303
578,2.576755436,-0.1942863049,1.028595696
579,2.134356338,2.116569658,1.814057539
580,3.680233604,1.575407429,-0.217855639
581,1.421410898,1.676509912,2.088218356
582,1.50401216,2.414388199,1.799923965
583,2.842534639,2.596736109,3.157297588
584,2.047897757,-1.830064898,2.077348558
585,1.110286042,1.112989666,2.262919229
586,0.5108278347,2.214888056,2.659709852
587,2.661855144,1.181046508,3.517156984
588,2.355590304,1.576248881,2.954257591
589,2.902066732,3.255848726,1.722585907
590,0.6567890527,2.17970475,1.532875704
591,0.1444312841,1.228390766,2.36185345
592,2.34729979,0.135900947,1.781450453
593,0.4105106927,2.545386659,1.746637739
594,2.206804769,3.076816253,1.242014331
595,0.6732027932,0.7517643581,1.294782718
596,2.354990495,3.774539245,2.173549562
597,3.108004979,2.803448583,2.302953993
598,1.351085888,2.62437673,3.029833396
599,2.693429579,2.804750303,1.698412367
600,2.961865353,1.915435532,1.69894393
601,3.011419643,2.662724052,1.632924894
602,1.639184278,0.8086330552,2.74968411
603,2.14186233,1.624693301,0.01070147082
604,2.450808096,1.164372362,1.853688243
605,1.467702411,2.209514393,3.106176495
606,0.2328569057,3.902422808,2.529961527
607,3.536465073,2.183519732,1.964176239
608,0.996115557,3.111189757,0.8081579445
609,1.95501657,1.760634582,1.39898606
610,3.074455951,2.084277027,1.748250314
611,0.8621851089,0.5534964381,1.697348429
612,3.330345549,2.094783985,1.636487968
613,2.093933687,0.6908108743,2.097860344
614,2.042835044,1.847377943,2.22453158
615,2.850120042,2.382701998,0.6894082335
616,2.995033028,-0.1404649331,1.029330779
617,3.823691287,3.676850811,0.7385768175
618,2.312942186,-0.3229645875,2.132850075
619,2.937702529,2.886901458,2.547196061
620,2.996791401,1.842008341,1.289296731
621,2.12865697,1.248673089,2.262977718
622,2.749455843,1.360062086,2.460735499
623,0.7884279993,0.7780751413,3.363092335
624,2.951103182,0.6500410868,3.491594886
625,-0.08688110067,2.442422445,2.37632109
626,3.004618203,1.035915876,1.306201987
627,2.344798373,2.819609734,1.591100191
628,0.8597985952,-0.6659046682,0.8782117155
629,0.7896950861,0.9819684262,1.833608791
630,2.406333023,0.6488489346,1.234461664
631,3.212777544,-1.580983472,1.771959481
632,2.495110018,2.000802379,2.474961653
633,3.259369421,1.393546948,1.969697475
634,0.5481448424,1.364592278,1.044012603
635,3.175707116,2.032562745,2.089001966
636,3.744659063,2.988555763,3.890877246
637,2.718093107,1.532450515,1.729431301
638,1.765392284,2.940711097,-0.4291213015
639,2.345551795,0.7664003157,2.917622447
640,-0.07352148885,1.955936912,0.9294675824
641,1.648850661,2.502532333,1.974982115
642,0.5750934499,1.027308295,1.838708459
643,-1.143342064,-0.3807384059,1.075242153
644,1.608065218,0.3885531594,2.013186642
645,3.07101551,1.833435221,1.508657771
646,3.819057813,3.061443787,1.765349389
647,1.303539412,0.7033650364,1.914461361
648,0.5752529495,0.4480159734,2.250610958
649,2.449801384,2.367401185,2.843361944
650,1.715594047,2.279149294,1.896731297
651,0.3382516186,4.108311113,3.84303181
652,0.9052325911,2.015100331,0.9729743136
653,3.230245351,4.681193685,1.661409509
654,0.6353506291,3.281135808,2.050805701
655,3.457533498,0.6829739725,-0.1612621267
656,0.7261064972,2.148472799,1.989964782
657,1.755311737,2.81527129,2.67187253
658,3.485656502,0.8383287067,0.5521821735
659,2.794147394,-0.9441621377,-0.3819992208
660,1.389208764,0.4470401856,0.7991230766
661,2.154146998,1.226031651,0.5883263098
662,2.413784782,3.579734853,1.690290653
663,4.79022552,2.784041419,2.469712048
664,3.006734821,2.856071493,0.2224772492
665,1.07318353,2.925816104,2.277232448
666,1.570156757,3.22420508,3.566670384
667,3.502911452,2.545082902,2.746147946
668,2.918119796,0.6150864888,0.2893139171
669,0.08768683795,1.796429286,2.555118302
670,2.611299439,1.702085989,1.214584344
671,1.674733937,2.166987148,1.755670912
672,3.074059685,3.432265399,1.536310112
673,2.3539052,1.912232379,1.989285754
674,2.33547118,2.309820597,1.839614109
675,3.648752753,1.12544978,0.5389950138
676,3.273280394,-0.568172275,2.412974517
677,3.396478579,0.875588959,0.9266237316
678,0.3344165036,0.9896732706,3.037621671
679,3.863410746,3.228041215,1.806517586
680,2.581049655,2.649944917,0.2162877068
681,3.406216489,1.989485057,2.379331337
682,-0.307942761,2.546459134,3.551878783
683,2.924816309,1.859067434,2.098362588
684,4.707445277,1.130589713,1.977757936
685,1.149531438,2.221752477,0.4889424073
686,3.007995563,3.340366015,1.472715695
687,1.904153438,2.158327904,2.877413637
688,4.432050145,2.25088674,1.808777929
689,2.520742713,2.114922646,2.377501669
690,1.793155759,2.97402886,3.559295372
691,0.7928122744,2.061782938,0.1196435271
692,2.315725611,2.28623385,0.6288050648
693,3.107788975,1.846569011,0.7229125542
694,3.313028784,2.463057117,0.3149334627
695,3.756669503,1.435834316,1.482092021
696,1.809096375,1.648456406,2.700987313
697,3.021588336,3.338878414,4.010374217
698,1.020326452,1.849522063,2.106141751
699,3.130820595,1.419937865,1.960529165
700,0.9435696833,2.527155692,2.390415968
701,0.7108337252,0.7325460453,3.158485889
702,2.45259395,0.9486331315,3.317745434
703,3.030390017,2.290005836,1.74633
704,0.7525283102,2.295401545,1.512127797
705,1.177028322,1.703435278,0.9897418525
706,1.750361841,1.664328295,1.225578071
707,1.520712027,3.164237327,3.669625168
708,2.305172765,1.665709634,1.751878541
709,2.777906387,0.5117244174,1.066614173
710,3.00421179,0.2291554529,2.24672305
711,1.904320476,1.945581071,0.3544055224
712,2.637899685,2.295620781,2.683056835
713,0.753290812,0.4693690401,0.4922608327
714,0.5027581615,2.017254052,0.9550682347
715,1.282794807,3.37724358,1.071407219
716,3.256515762,2.953987579,-0.3343084214
717,2.286634911,-0.08729416795,0.5045920067
718,3.429323802,1.784723502,1.966359767
719,3.273416459,0.2267886511,2.052616234
720,2.121426847,1.447333076,4.447098021
721,2.059694757,0.9564763833,0.1974132209
722,0.8585165034,3.123046789,2.105982303
723,3.34232712,0.924135851,1.97521989
724,-0.0444204759,0.6458384917,1.12089873
725,2.15548326,4.496581809,2.564353394
726,2.351983663,-0.8244827765,1.451585253
727,-0.2366152228,2.186779254,2.678625459
728,3.428337129,0.8366085395,2.256690072
729,1.269134955,0.3251679085,1.20145596
730,2.546243674,1.591855809,1.087063312
731,2.483342933,0.7340240226,2.557054885
732,1.432341156,2.394786926,2.086359325
733,4.137066328,2.053369266,1.366608635
734,3.344072725,1.661886752,1.739907089
735,2.016506516,2.034756745,1.063750217
736,1.941052796,1.462545096,1.095408588
737,1.495934228,1.599615734,2.929495734
738,1.352582925,4.414003811,1.366837273
739,4.062484789,3.689220117,1.920891265
740,-0.3546779319,3.661332007,3.838284026
741,0.6900347987,1.69093189,2.238425094
742,0.4226077354,4.090850588,1.846676983
743,2.064921263,2.368762501,2.0400299
744,1.179017337,2.145916003,1.570389043
745,2.634887663,3.943884514,0.8880522239
746,2.133203893,2.0306165,0.01303634287
747,1.946759727,1.091259047,3.4943009
748,4.737185932,2.211331569,2.574250066
749,1.800297137,0.1012074138,2.508139482
750,2.493414126,2.845325705,-0.03150269646
751,1.123805357,0.3160092722,1.905210621
752,2.380579817,0.8122366507,0.3935946546
753,-0.04078338338,1.175445634,3.552229281
754,0.188395899,0.5603243698,3.195604197
755,1.488401336,1.671499823,1.971318673
756,1.734801466,3.185646399,2.964199949
757,-0.1274905695,2.909557693,1.152689548
758,1.820463527,0.7128890942,1.537630434
759,3.00151128,2.109751965,2.006216891
760,0.9164411643,0.4761036432,3.022808096
761,4.396407151,1.455715962,1.996459423
762,4.143153599,0.6806012303,3.048477542
763,2.030464036,3.238214993,1.671978475
764,1.783786825,2.561173317,2.324093619
765,1.626646275,1.408884064,1.998697048
766,2.789539897,1.081228895,2.897530678
767,4.595017648,2.547514333,2.086601542
768,1.983543313,2.868080565,1.9007053
769,2.645188012,2.957425019,0.9108113005
770,1.369878737,3.296701441,2.648125209
771,3.880903182,2.63547478,0.322439391
772,3.396291158,3.486830128,2.681470019
773,2.242779487,0.6831744631,2.624371575
774,2.574320276,1.425162813,1.988775429
775,1.436806306,-1.884905304,-0.008033419201
776,2.679419512,1.317023107,-0.8331083328
777,2.428367322,2.655900523,1.213231307
778,1.633781368,0.4666730108,2.111915572
779,3.451395891,1.696251272,1.799072649
780,2.11459853,1.590288836,1.607867006
781,4.374617095,2.323301835,1.342737683
782,0.9670698804,-0.1169345289,1.84206854
783,1.30241029,0.7132794655,0.1290292292
784,1.746723723,2.071652026,1.825545607
785,1.027817529,1.378579652,2.567093823
786,1.665021927,3.324888348,1.553113032
787,2.163701956,-1.851017383,0.5074214784
788,-0.1126160259,3.03020321,2.935459855
789,3.410197043,-0.1441787493,2.41686583
790,2.868743267,3.146632638,1.865565813
791,2.764570028,3.336587516,1.559696791
792,2.456468764,2.852005558,1.81407517
793,0.2990815926,1.728551501,1.71746422
794,1.400958086,3.607320453,2.541779689
795,3.090221676,1.786506426,0.8852480312
796,1.189775243,1.240434655,1.515814892
797,0.7795992318,1.608083859,1.66640515
798,2.852846274,4.051421773,2.323343131
799,2.54671647,1.206050944,1.758929952
800,-0.2066121137,2.702158124,2.455931953
801,1.242676662,0.7056714892,1.405838564
802,2.981600224,1.952821023,3.554720864
803,2.642146146,2.278463152,1.195933211
804,3.885472989,2.723049619,2.103333209
805,-0.07474316916,-0.1431054941,-0.07098042357
806,1.975944843,-0.1373904593,-0.1440814259
807,1.561674699,2.654865041,2.670556449
808,2.792224456,0.7784555699,3.10698032
809,3.119728908,0.9405914809,1.791467295
810,1.251432466,3.168951724,0.6757972367
811,1.885171421,1.406375579,1.75805469
812,1.095043716,3.627375504,2.611983726
813,2.313048493,3.007224464,2.410252981
814,3.201486108,0.6579374835,0.2641447184
815,0.4716274764,0.4225958608,1.635608335
816,3.662194385,1.813353474,1.780985823
817,1.578700919,0.9177502938,2.850902299
818,2.265953972,2.43644465,2.054495927
819,1.796196992,3.807784192,1.895298756
820,0.6956133569,3.061615334,1.545933356
821,2.745417651,1.319973565,1.521882656
822,3.76433288,2.327500174,1.668166455
823,4.515142687,6.551427777,1.411743793
824,4.475317641,0.8500939659,2.320984263
825,4.373180714,2.005218681,2.237084591
826,2.610220374,1.050689089,2.106305171
827,2.703301148,2.256136338,1.24011317
828,3.531249347,1.551856439,0.3620495666
829,0.2560051389,1.737994827,0.8666442151
830,2.450522804,1.485692243,0.9622189913
831,4.262249399,1.757796232,2.170139282
832,3.829150093,1.920476817,1.183994478
833,0.1207412109,2.036064703,2.089799228
834,-0.7227822805,0.6986334887,2.098489605
835,2.711081241,1.275716522,2.221898731
836,3.355960416,3.564368009,2.460029158
837,2.858182417,1.460379979,1.079906734
838,3.566267081,1.635141655,1.456720425
839,2.099527029,1.646465038,0.8902907844
840,3.964618432,0.6246572733,1.198563822
841,1.730669126,0.6213707996,1.400780743
842,-0.4655867029,1.692042273,0.2369909536
843,3.015508379,0.8589346387,1.137058295
844,3.279150297,1.525359342,1.874889846
845,2.871640317,2.891893244,3.325705092
846,1.223197757,1.867744571,2.714169861
847,2.304981908,3.892467672,1.592535203
848,0.9724403526,-0.9496740003,3.614189354
849,3.097221926,3.303318996,1.346167203
850,1.182663023,0.3142150064,2.808586399
851,2.866951481,1.524915025,1.153341732
852,0.02624301386,0.8515836583,4.33562196
853,2.936121143,3.080814264,1.11639479
854,1.07983029,0.2572293284,1.669613841
855,2.174441476,0.9690233061,1.679020115
856,0.1647956312,0.1158593358,2.229573803
857,2.726905463,-0.9201448778,2.200232197
858,3.117635423,2.700473698,0.7855106139
859,0.3363174471,0.8936572662,1.895881483
860,2.765196107,4.061915439,1.516826051
861,2.969949766,2.117357378,0.8994704667
862,2.973764452,2.298813487,2.808091131
863,0.9873375864,1.703547876,1.089038665
864,1.674616899,1.785744949,2.724540272
865,3.13574035,2.054289645,3.934985313
866,1.995843825,1.26391397,1.914527525
867,0.3223826838,2.303144895,2.047710575
868,2.718238697,-1.09047574,2.267295733
869,2.961729981,1.029343397,2.794781341
870,1.058679525,1.539744566,1.568294373
871,3.22788448,3.975261188,2.64247204
872,2.004921567,-0.7592691039,2.130661899
873,3.57102555,2.477777011,2.920773547
874,1.036411306,0.2538983789,0.128052107
875,-0.634549,1.112986715,0.4723591798
876,2.438896078,1.439585786,2.044820004
877,1.297084464,2.447765532,1.607578358
878,3.987583455,3.692277508,1.603993746
879,2.260473156,3.542089649,2.349362641
880,4.849378002,1.216293443,1.040501159
881,2.229575376,3.891965275,1.246512828
882,3.348032608,2.90696137,2.804939357
883,0.3510291427,-0.3246351158,0.6549122105
884,1.811312436,0.785518161,1.225222762
885,3.968912619,3.137732313,1.623836126
886,1.717587418,0.3347074476,1.569454453
887,4.084511251,2.196369956,1.619623793
888,2.545774778,1.565491533,2.342381356
889,3.034652813,-0.6278932616,2.028370443
890,1.211954309,1.914113914,1.007558922
891,1.287968477,1.980221749,2.281118532
892,0.6125433306,2.683335256,1.267072438
893,2.648887463,2.768482176,2.546078629
894,2.146915986,1.70029576,2.405745134
895,0.2990745575,2.2383265,1.463270725
896,0.06525416627,0.1421527817,3.432985936
897,1.060222274,0.826515866,1.650389661
898,3.631349026,2.185479064,2.267284347
899,0.5223415499,3.05426025,1.781109423
900,-0.4505299845,3.227657944,2.946614911
901,1.851889889,0.2370184316,2.283612068
902,2.723739207,3.830269093,2.786915299
903,0.6531037049,0.5684579802,2.71970175
904,0.5948399782,0.3356900642,2.774674299
905,3.47957278,1.355226146,0.7421845871
906,1.130783636,1.159356473,2.443510384
907,1.28896556,2.277523115,2.583776912
908,3.088714093,2.349998838,0.7667785385
909,3.431528291,3.358793189,2.245605101
910,1.852341962,2.003816037,3.130485407
911,0.3977846611,0.7208523732,0.9703110401
912,2.837813653,1.115430781,1.55428702
913,2.485557246,3.397603048,2.923227075
914,0.9083498734,1.105639151,2.395802436
915,0.3553355919,3.378661508,-0.1074371232
916,2.815609503,2.590437507,0.8178123954
917,0.7085288447,1.730858831,2.274043644
918,0.9261442978,1.718891487,0.4688459029
919,1.631223071,1.57369227,1.72097659
920,1.464269851,1.419137529,1.536469098
921,3.149728513,3.087294706,0.6750079894
922,3.750827319,1.334539206,1.261643909
923,1.542992411,3.032846171,1.38803455
924,2.362439846,0.8628117517,2.613048502
925,2.592989447,1.914207498,0.9708924846
926,1.502796589,2.116816258,2.131043273
927,2.898775523,-0.5449861097,0.8836851167
928,5.505893728,2.427761394,3.046509331
929,1.447004216,0.4777697261,1.610898378
930,2.595610223,2.21959257,0.9972978467
931,0.5734288761,2.434155432,0.9381580725
932,0.0861491626,-0.8790550398,4.192849015
933,2.305719818,1.412061508,0.04417405195
934,3.431534317,2.614977477,2.411311876
935,1.554475941,-0.7493320901,2.403479182
936,1.486695522,5.743103784,1.634961886
937,2.516822823,2.352041296,1.219073455
938,3.600893507,2.232932951,2.144586683
939,1.603469194,0.2703905451,-0.1425692304
940,3.493880022,2.006176985,0.776156385
941,1.488162316,1.704641022,2.947017808
942,1.713324178,1.040033013,1.186454566
943,-0.2276897005,2.620207558,0.6945448421
944,1.768887226,2.426591697,2.365228252
945,2.148657971,2.797939308,0.8027050454
946,2.232511127,1.335845074,1.357261915
947,3.462175988,1.260908416,0.8409015521
948,0.9196880294,1.380383981,1.371622063
949,2.585452135,2.248798825,2.571692729
950,0.7260960422,3.342994464,1.773350552
951,3.046354481,-0.02868918911,1.972887443
952,1.813223855,2.007569372,4.079705947
953,2.183654916,1.581694561,3.044233511
954,2.605621857,2.160620331,2.13211087
955,0.2937673915,1.226166171,-0.1095819475
956,1.432466383,1.987052525,2.295462184
957,1.8707547,1.933957736,2.203360292
958,1.458264951,0.8989179222,3.44931296
959,1.576821539,-0.05069828009,0.9813526374
960,3.613299456,2.307686145,2.116138522
961,1.830003522,1.459682223,2.70657965
962,5.110216595,0.5559628622,-0.08069364179
963,0.8040200626,3.258708171,1.002865281
964,2.720108464,1.526825194,1.363618414
965,2.422168217,0.8286980999,3.000196586
966,2.198834182,1.14339605,0.3951453337
967,2.25934925,2.563361695,2.581749652
968,0.7919955816,3.642574347,1.922275633
969,1.97881306,3.242018277,1.939524222
970,3.961341237,1.820699883,3.21808191
971,1.712265298,-0.1719557351,-0.7461225214
972,3.185551786,0.6201584127,2.028654151
973,2.348456007,3.77473563,3.034663061
974,4.916671707,0.3839387762,1.027953128
975,0.8813383907,-0.3144136151,0.8574730936
976,2.00372307,0.05801186302,3.138143228
977,1.318269612,-0.1790422202,3.989118105
978,0.2170509922,0.5707072048,2.826170714
979,2.379362962,0.8626314288,1.851973448
980,1.056208965,0.9681278425,0.9537845419
981,0.6049584138,-1.542841301,1.220645472
982,0.6603112425,1.64024438,2.177907028
983,2.629132638,1.371945863,1.981729179
984,1.524457188,1.604160313,2.275344288
985,0.975556647,0.3152018722,3.421714948
986,2.069522987,2.407798451,1.039062808
987,2.457743359,2.863931476,2.325603505
988,3.081752506,-0.1594966063,2.11065782
989,3.388561703,-0.02896370669,2.368380896
990,1.665620617,1.604994335,0.9829107823
991,3.128773125,1.751614626,0.6272132374
992,2.426222448,2.342393078,2.323420861
993,2.446420999,-0.1741752395,1.468063806
994,1.226736024,-0.7596376793,1.538985979
995,0.9384365828,-0.7400226439,0.04715320167
996,1.494517791,0.9853644041,0.8667858934
997,2.48746475,4.236752034,2.821904111
998,3.630415861,-0.2096159827,2.908009362
999,2.820989591,0.0790510028,1.259901303
